﻿Address,City,State,Zip
4433 N 7th Street,Phoenix,AZ,85014
3045 E. Indian School Rd,Phoenix,AZ,85016
1201 E. Glendale Ave.,Phoenix,AZ,85020
605 W. Bell Road,Phoenix,AZ,85023
2961 E. Bell Rd,Phoenix,AZ,85032
12629 N. Paradise Village Pkwy,Phoenix,AZ,85032
3215 E Chandler Blvd,Phoenix,AZ,85048
20232 N John Wayne Pkwy,Maricopa,AZ,85139
20898 E. Queen Creek Rd,Queen Creek,AZ,85142
20710 E Riggs Rd,Queen Creek,AZ,85142
1822 E McKellips Rd,Mesa,AZ,85203
1960 E. McKellips Rd.,Mesa,AZ,85203
1136 S. Greenfield Rd.,Mesa,AZ,85206
1448 S Crismon Rd.,Mesa,AZ,85209
2709 S Signal Butte Rd.,Mesa,AZ,85209
1326 S. Alma School Rd,Mesa,AZ,85210
3665 W Chandler Blvd,Chandler,AZ,85226
722 N. McQueen Rd.,Gilbert,AZ,85233
459 N. Gilbert Rd,Gilbert,AZ,85234
8975 N 90th St,Scottsdale,AZ,85250
6235 E. Bell Rd.,Scottsdale,AZ,85254
20795 N. Scottsdale Rd.,Scottsdale,AZ,85255
2012 N Scottsdale Rd,Scottsdale,AZ,85257
15600 N Hayden Rd,Scottsdale,AZ,85260
16760 E Palisades Blvd,Fountain Hills,AZ,85268
1037 S. Rural Rd.,Tempe,AZ,85281
3213 S. Mill Ave.,Tempe,AZ,85282
6461 S. Rural Rd.,Tempe,AZ,85283
3670 S Val Vista DR.,Gilbert,AZ,85297
5724 W. Bell Road,Glendale,AZ,85308
3580 W. Happy Valley Rd,Glendale,AZ,85310
888 N 114th Ave,Avondale,AZ,85323
1005 S Watson Rd,Buckeye,AZ,85326
34350 N Cave creek road,Cave Creek ,AZ,85331
580 N Estrella Pkwy,Goodyear,AZ,85338
8301 W Lynwood St.,Tolleson,AZ,85353
13855 W. Bell Rd,Surprise,AZ,85374
15432 W Greenway Rd #150,Surprise,AZ,85374
8387 W. Thunderbird Rd.,Peoria,AZ,85381
16986 W Waddell Rd,Surprise,AZ,85388
"1775 N. Verrado Way, #107",Buckeye,AZ,85396
3055 S Gilbert Rd,Chandler,AZ,85286
1370 S Higley Rd,Gilbert,AZ,85296
5503 S Power Rd,Mesa,AZ,85212
1835 N Higley Rd,Gilbert,AZ,85234
14160 W. Indian School Rd.,Goodyear,AZ,85395
580 N Estrella Pkwy,Goodyear,AZ,85338
13431 N Litchfield Rd,Surprise,AZ,85379
13929 N 83rd Ave,Peoria,AZ,85381
