﻿State,Zip,City
AZ,85001,Phoenix
AZ,85002,Phoenix
AZ,85003,Phoenix
AZ,85004,Phoenix
AZ,85005,Phoenix
AZ,85006,Phoenix
AZ,85007,Phoenix
AZ,85008,Phoenix
AZ,85009,Phoenix
AZ,85010,Phoenix
AZ,85011,Phoenix
AZ,85012,Phoenix
AZ,85013,Phoenix
AZ,85014,Phoenix
AZ,85015,Phoenix
AZ,85016,Phoenix
AZ,85017,Phoenix
AZ,85018,Phoenix
AZ,85019,Phoenix
AZ,85020,Phoenix
AZ,85021,Phoenix
AZ,85022,Phoenix
AZ,85023,Phoenix
AZ,85024,Phoenix
AZ,85026,Phoenix
AZ,85027,Phoenix
AZ,85028,Phoenix
AZ,85029,Phoenix
AZ,85030,Phoenix
AZ,85031,Phoenix
AZ,85032,Phoenix
AZ,85033,Phoenix
AZ,85034,Phoenix
AZ,85035,Phoenix
AZ,85036,Phoenix
AZ,85037,Phoenix
AZ,85038,Phoenix
AZ,85039,Phoenix
AZ,85040,Phoenix
AZ,85041,Phoenix
AZ,85042,Phoenix
AZ,85043,Phoenix
AZ,85044,Phoenix
AZ,85045,Phoenix
AZ,85046,Phoenix
AZ,85048,Phoenix
AZ,85050,Phoenix
AZ,85051,Phoenix
AZ,85053,Phoenix
AZ,85054,Phoenix
AZ,85060,Phoenix
AZ,85061,Phoenix
AZ,85062,Phoenix
AZ,85063,Phoenix
AZ,85064,Phoenix
AZ,85065,Phoenix
AZ,85066,Phoenix
AZ,85067,Phoenix
AZ,85068,Phoenix
AZ,85069,Phoenix
AZ,85070,Phoenix
AZ,85071,Phoenix
AZ,85072,Phoenix
AZ,85073,Phoenix
AZ,85074,Phoenix
AZ,85075,Phoenix
AZ,85076,Phoenix
AZ,85078,Phoenix
AZ,85079,Phoenix
AZ,85080,Phoenix
AZ,85082,Phoenix
AZ,85083,Phoenix
AZ,85085,Phoenix
AZ,85086,Phoenix
AZ,85087,New River
AZ,85120,Apache Junction
AZ,85127,Chandler Heights
AZ,85139,Maricopa
AZ,85142,Queen Creek
AZ,85201,Mesa
AZ,85202,Mesa
AZ,85203,Mesa
AZ,85204,Mesa
AZ,85205,Mesa
AZ,85206,Mesa
AZ,85207,Mesa
AZ,85208,Mesa
AZ,85209,Mesa
AZ,85210,Mesa
AZ,85211,Mesa
AZ,85212,Mesa
AZ,85213,Mesa
AZ,85214,Mesa
AZ,85215,Mesa
AZ,85216,Mesa
AZ,85224,Chandler
AZ,85225,Chandler
AZ,85226,Chandler
AZ,85233,Gilbert
AZ,85234,Gilbert
AZ,85236,Higley
AZ,85244,Chandler
AZ,85246,Chandler
AZ,85248,Chandler
AZ,85249,Chandler
AZ,85250,Scottsdale
AZ,85251,Scottsdale
AZ,85252,Scottsdale
AZ,85253,Paradise Valley
AZ,85254,Scottsdale
AZ,85255,Scottsdale
AZ,85256,Scottsdale
AZ,85257,Scottsdale
AZ,85258,Scottsdale
AZ,85259,Scottsdale
AZ,85260,Scottsdale
AZ,85261,Scottsdale
AZ,85262,Scottsdale
AZ,85263,Rio Verde
AZ,85264,Fort McDowell
AZ,85266,Scottsdale
AZ,85267,Scottsdale
AZ,85268,Fountain Hills
AZ,85269,Fountain Hills
AZ,85271,Scottsdale
AZ,85274,Mesa
AZ,85275,Mesa
AZ,85277,Mesa
AZ,85280,Tempe
AZ,85281,Tempe
AZ,85282,Tempe
AZ,85283,Tempe
AZ,85284,Tempe
AZ,85285,Tempe
AZ,85286,Chandler
AZ,85287,Tempe
AZ,85288,Tempe
AZ,85295,Gilbert
AZ,85296,Gilbert
AZ,85297,Gilbert
AZ,85298,Gilbert
AZ,85299,Gilbert
AZ,85301,Glendale
AZ,85302,Glendale
AZ,85303,Glendale
AZ,85304,Glendale
AZ,85305,Glendale
AZ,85306,Glendale
AZ,85307,Glendale
AZ,85308,Glendale
AZ,85309,Luke Air Force Base
AZ,85310,Glendale
AZ,85311,Glendale
AZ,85312,Glendale
AZ,85318,Glendale
AZ,85320,Aguila
AZ,85321,Ajo
AZ,85322,Arlington
AZ,85323,Avondale
AZ,85324,Black Canyon City
AZ,85326,Buckeye
AZ,85327,Cave Creek
AZ,85329,Cashion
AZ,85331,Cave Creek
AZ,85333,Dateland
AZ,85335,El Mirage
AZ,85337,Gila Bend
AZ,85338,Goodyear
AZ,85339,Laveen
AZ,85340,Litchfield Park
AZ,85342,Morristown
AZ,85343,Palo Verde
AZ,85345,Peoria
AZ,85351,Sun City
AZ,85353,Tolleson
AZ,85354,Tonopah
AZ,85355,Waddell
AZ,85358,Wickenburg
AZ,85361,Wittmann
AZ,85363,Youngtown
AZ,85372,Sun City
AZ,85373,Sun City
AZ,85374,Surprise
AZ,85375,Sun City West
AZ,85376,Sun City West
AZ,85377,Carefree
AZ,85378,Surprise
AZ,85379,Surprise
AZ,85380,Peoria
AZ,85381,Peoria
AZ,85382,Peoria
AZ,85383,Peoria
AZ,85385,Peoria
AZ,85387,Surprise
AZ,85388,Surprise
AZ,85390,Wickenburg
AZ,85392,Avondale
AZ,85395,Goodyear
AZ,85396,Buckeye
AZ,85545,Roosevelt
